<?xml version="1.0" encoding="UTF-8"?>
<project-private xmlns="http://www.netbeans.org/ns/project-private/1">
    <editor-bookmarks xmlns="http://www.netbeans.org/ns/editor-bookmarks/2" lastBookmarkId="0"/>
    <open-files xmlns="http://www.netbeans.org/ns/projectui-open-files/2">
        <group>
            <file>file:/C:/Users/fiacre/Documents/NetBeansProjects/BestRegistration/src/Controller/StudentDao.java</file>
            <file>file:/C:/Users/fiacre/Documents/NetBeansProjects/BestRegistration/src/view/NewJFrame.java</file>
            <file>file:/C:/Users/fiacre/Documents/NetBeansProjects/BestRegistration/src/Controller/Connection1.java</file>
            <file>file:/C:/Users/fiacre/Documents/NetBeansProjects/BestRegistration/src/Model/Student.java</file>
        </group>
    </open-files>
</project-private>
